slice_file_name,fsID,start,end,salience,fold,classID,class
102853-8-0-0.wav,102853,0,4,2,7,8,siren
102853-8-0-1.wav,102853,0.5,4.5,2,7,8,siren
102853-8-0-2.wav,102853,1,5,2,7,8,siren
102853-8-0-3.wav,102853,1.5,5.5,2,7,8,siren
102853-8-0-4.wav,102853,2,6,2,7,8,siren
102853-8-0-5.wav,102853,2.5,6.5,2,7,8,siren
102853-8-0-6.wav,102853,3,7,2,7,8,siren
102853-8-1-0.wav,102853,27.214044,31.214044,2,7,8,siren
102871-8-0-0.wav,102871,0,4,1,2,8,siren
102871-8-0-1.wav,102871,0.5,4.5,1,2,8,siren
102871-8-0-10.wav,102871,5,9,1,2,8,siren
102871-8-0-11.wav,102871,5.5,9.5,1,2,8,siren
102871-8-0-12.wav,102871,6,10,1,2,8,siren
102871-8-0-13.wav,102871,6.5,10.5,1,2,8,siren
102871-8-0-14.wav,102871,7,11,1,2,8,siren
102871-8-0-15.wav,102871,7.5,11.5,1,2,8,siren
102871-8-0-2.wav,102871,1,5,1,2,8,siren
102871-8-0-3.wav,102871,1.5,5.5,1,2,8,siren
102871-8-0-4.wav,102871,2,6,1,2,8,siren
102871-8-0-5.wav,102871,2.5,6.5,1,2,8,siren
102871-8-0-6.wav,102871,3,7,1,2,8,siren
102871-8-0-7.wav,102871,3.5,7.5,1,2,8,siren
102871-8-0-8.wav,102871,4,8,1,2,8,siren
102871-8-0-9.wav,102871,4.5,8.5,1,2,8,siren
105289-8-0-0.wav,105289,26.31554,30.31554,2,7,8,siren
105289-8-0-1.wav,105289,26.81554,30.81554,2,7,8,siren
105289-8-0-2.wav,105289,27.31554,31.31554,2,7,8,siren
105289-8-0-3.wav,105289,27.81554,31.81554,2,7,8,siren
105289-8-0-4.wav,105289,28.31554,32.31554,2,7,8,siren
105289-8-0-5.wav,105289,28.81554,32.81554,2,7,8,siren
105289-8-1-0.wav,105289,40.426771,44.426771,1,7,8,siren
105289-8-1-1.wav,105289,40.926771,44.926771,1,7,8,siren
105289-8-1-2.wav,105289,41.426771,45.426771,1,7,8,siren
105289-8-1-3.wav,105289,41.926771,45.926771,1,7,8,siren
105289-8-1-4.wav,105289,42.426771,46.426771,1,7,8,siren
105289-8-2-0.wav,105289,53.012464,57.012464,2,7,8,siren
105289-8-2-1.wav,105289,53.512464,57.512464,2,7,8,siren
105289-8-2-2.wav,105289,54.012464,58.012464,2,7,8,siren
105289-8-2-3.wav,105289,54.512464,58.512464,2,7,8,siren
105289-8-2-4.wav,105289,55.012464,59.012464,2,7,8,siren
105289-8-2-5.wav,105289,55.512464,59.512464,2,7,8,siren
105289-8-2-6.wav,105289,56.012464,60.012464,2,7,8,siren
105289-8-2-7.wav,105289,56.512464,60.512464,2,7,8,siren
106905-8-0-0.wav,106905,43.636489,47.636489,2,1,8,siren
106905-8-0-1.wav,106905,44.136489,48.136489,2,1,8,siren
106905-8-0-2.wav,106905,44.636489,48.636489,2,1,8,siren
106905-8-0-3.wav,106905,45.136489,49.136489,2,1,8,siren
107357-8-0-0.wav,107357,0,4,2,7,8,siren
107357-8-0-1.wav,107357,0.5,4.5,2,7,8,siren
107357-8-0-2.wav,107357,1,5,2,7,8,siren
107357-8-0-3.wav,107357,1.5,5.5,2,7,8,siren
107357-8-0-4.wav,107357,2,6,2,7,8,siren
107357-8-0-5.wav,107357,2.5,6.5,2,7,8,siren
107357-8-0-6.wav,107357,3,7,2,7,8,siren
107357-8-0-7.wav,107357,3.5,7.5,2,7,8,siren
107357-8-0-8.wav,107357,4,8,2,7,8,siren
107357-8-1-0.wav,107357,159.017232,163.017232,2,7,8,siren
107357-8-1-1.wav,107357,159.517232,163.517232,2,7,8,siren
107357-8-1-10.wav,107357,164.017232,168.017232,2,7,8,siren
107357-8-1-11.wav,107357,164.517232,168.517232,2,7,8,siren
107357-8-1-12.wav,107357,165.017232,169.017232,2,7,8,siren
107357-8-1-13.wav,107357,165.517232,169.517232,2,7,8,siren
107357-8-1-14.wav,107357,166.017232,170.017232,2,7,8,siren
107357-8-1-15.wav,107357,166.517232,170.517232,2,7,8,siren
107357-8-1-16.wav,107357,167.017232,171.017232,2,7,8,siren
107357-8-1-17.wav,107357,167.517232,171.517232,2,7,8,siren
107357-8-1-18.wav,107357,168.017232,172.017232,2,7,8,siren
107357-8-1-2.wav,107357,160.017232,164.017232,2,7,8,siren
107357-8-1-3.wav,107357,160.517232,164.517232,2,7,8,siren
107357-8-1-4.wav,107357,161.017232,165.017232,2,7,8,siren
107357-8-1-5.wav,107357,161.517232,165.517232,2,7,8,siren
107357-8-1-6.wav,107357,162.017232,166.017232,2,7,8,siren
107357-8-1-7.wav,107357,162.517232,166.517232,2,7,8,siren
107357-8-1-8.wav,107357,163.017232,167.017232,2,7,8,siren
107357-8-1-9.wav,107357,163.517232,167.517232,2,7,8,siren
111671-8-0-0.wav,111671,1.197766,5.197766,1,5,8,siren
111671-8-0-1.wav,111671,1.697766,5.697766,1,5,8,siren
111671-8-0-10.wav,111671,6.197766,10.197766,1,5,8,siren
111671-8-0-11.wav,111671,6.697766,10.697766,1,5,8,siren
111671-8-0-12.wav,111671,7.197766,11.197766,1,5,8,siren
111671-8-0-13.wav,111671,7.697766,11.697766,1,5,8,siren
111671-8-0-14.wav,111671,8.197766,12.197766,1,5,8,siren
111671-8-0-15.wav,111671,8.697766,12.697766,1,5,8,siren
111671-8-0-16.wav,111671,9.197766,13.197766,1,5,8,siren
111671-8-0-17.wav,111671,9.697766,13.697766,1,5,8,siren
111671-8-0-18.wav,111671,10.197766,14.197766,1,5,8,siren
111671-8-0-19.wav,111671,10.697766,14.697766,1,5,8,siren
111671-8-0-2.wav,111671,2.197766,6.197766,1,5,8,siren
111671-8-0-20.wav,111671,11.197766,15.197766,1,5,8,siren
111671-8-0-21.wav,111671,11.697766,15.697766,1,5,8,siren
111671-8-0-22.wav,111671,12.197766,16.197766,1,5,8,siren
111671-8-0-3.wav,111671,2.697766,6.697766,1,5,8,siren
111671-8-0-4.wav,111671,3.197766,7.197766,1,5,8,siren
111671-8-0-5.wav,111671,3.697766,7.697766,1,5,8,siren
111671-8-0-6.wav,111671,4.197766,8.197766,1,5,8,siren
111671-8-0-7.wav,111671,4.697766,8.697766,1,5,8,siren
111671-8-0-8.wav,111671,5.197766,9.197766,1,5,8,siren
111671-8-0-9.wav,111671,5.697766,9.697766,1,5,8,siren
113160-8-0-0.wav,113160,0.1029,0.90369,1,4,8,siren
117181-8-0-0.wav,117181,0,4,1,8,8,siren
117181-8-0-1.wav,117181,0.5,4.5,1,8,8,siren
117181-8-0-10.wav,117181,5,9,1,8,8,siren
117181-8-0-11.wav,117181,5.5,9.5,1,8,8,siren
117181-8-0-12.wav,117181,6,10,1,8,8,siren
117181-8-0-2.wav,117181,1,5,1,8,8,siren
117181-8-0-3.wav,117181,1.5,5.5,1,8,8,siren
117181-8-0-4.wav,117181,2,6,1,8,8,siren
117181-8-0-5.wav,117181,2.5,6.5,1,8,8,siren
117181-8-0-6.wav,117181,3,7,1,8,8,siren
117181-8-0-7.wav,117181,3.5,7.5,1,8,8,siren
117181-8-0-8.wav,117181,4,8,1,8,8,siren
117181-8-0-9.wav,117181,4.5,8.5,1,8,8,siren
118279-8-0-0.wav,118279,0,4,2,1,8,siren
118279-8-0-1.wav,118279,0.5,4.5,2,1,8,siren
118279-8-0-10.wav,118279,5,9,2,1,8,siren
118279-8-0-11.wav,118279,5.5,9.5,2,1,8,siren
118279-8-0-12.wav,118279,6,10,2,1,8,siren
118279-8-0-13.wav,118279,6.5,10.5,2,1,8,siren
118279-8-0-14.wav,118279,7,11,2,1,8,siren
118279-8-0-2.wav,118279,1,5,2,1,8,siren
118279-8-0-3.wav,118279,1.5,5.5,2,1,8,siren
118279-8-0-4.wav,118279,2,6,2,1,8,siren
118279-8-0-5.wav,118279,2.5,6.5,2,1,8,siren
118279-8-0-6.wav,118279,3,7,2,1,8,siren
118279-8-0-7.wav,118279,3.5,7.5,2,1,8,siren
118279-8-0-8.wav,118279,4,8,2,1,8,siren
118279-8-0-9.wav,118279,4.5,8.5,2,1,8,siren
121528-8-1-0.wav,121528,24.030115,28.030115,2,3,8,siren
121528-8-1-1.wav,121528,24.530115,28.530115,2,3,8,siren
123688-8-0-0.wav,123688,14.175572,18.175572,2,2,8,siren
123688-8-0-1.wav,123688,14.675572,18.675572,2,2,8,siren
123688-8-0-10.wav,123688,19.175572,23.175572,2,2,8,siren
123688-8-0-11.wav,123688,19.675572,23.675572,2,2,8,siren
123688-8-0-12.wav,123688,20.175572,24.175572,2,2,8,siren
123688-8-0-13.wav,123688,20.675572,24.675572,2,2,8,siren
123688-8-0-14.wav,123688,21.175572,25.175572,2,2,8,siren
123688-8-0-15.wav,123688,21.675572,25.675572,2,2,8,siren
123688-8-0-16.wav,123688,22.175572,26.175572,2,2,8,siren
123688-8-0-17.wav,123688,22.675572,26.675572,2,2,8,siren
123688-8-0-18.wav,123688,23.175572,27.175572,2,2,8,siren
123688-8-0-2.wav,123688,15.175572,19.175572,2,2,8,siren
123688-8-0-3.wav,123688,15.675572,19.675572,2,2,8,siren
123688-8-0-4.wav,123688,16.175572,20.175572,2,2,8,siren
123688-8-0-5.wav,123688,16.675572,20.675572,2,2,8,siren
123688-8-0-6.wav,123688,17.175572,21.175572,2,2,8,siren
123688-8-0-7.wav,123688,17.675572,21.675572,2,2,8,siren
123688-8-0-8.wav,123688,18.175572,22.175572,2,2,8,siren
123688-8-0-9.wav,123688,18.675572,22.675572,2,2,8,siren
123688-8-1-0.wav,123688,56.044659,60.044659,1,2,8,siren
123688-8-1-1.wav,123688,56.544659,60.544659,1,2,8,siren
123688-8-1-2.wav,123688,57.044659,61.044659,1,2,8,siren
123688-8-1-3.wav,123688,57.544659,61.544659,1,2,8,siren
123688-8-1-4.wav,123688,58.044659,62.044659,1,2,8,siren
123688-8-1-5.wav,123688,58.544659,62.544659,1,2,8,siren
123688-8-2-0.wav,123688,71.53549,75.53549,2,2,8,siren
123688-8-2-1.wav,123688,72.03549,76.03549,2,2,8,siren
123688-8-2-2.wav,123688,72.53549,76.53549,2,2,8,siren
123688-8-2-3.wav,123688,73.03549,77.03549,2,2,8,siren
123688-8-2-4.wav,123688,73.53549,77.53549,2,2,8,siren
124389-8-1-0.wav,124389,195.913986,199.913986,2,6,8,siren
124389-8-1-1.wav,124389,196.413986,200.413986,2,6,8,siren
124389-8-1-10.wav,124389,200.913986,204.913986,2,6,8,siren
124389-8-1-11.wav,124389,201.413986,205.413986,2,6,8,siren
124389-8-1-12.wav,124389,201.913986,205.913986,2,6,8,siren
124389-8-1-13.wav,124389,202.413986,206.413986,2,6,8,siren
124389-8-1-14.wav,124389,202.913986,206.913986,2,6,8,siren
124389-8-1-15.wav,124389,203.413986,207.413986,2,6,8,siren
124389-8-1-16.wav,124389,203.913986,207.913986,2,6,8,siren
124389-8-1-17.wav,124389,204.413986,208.413986,2,6,8,siren
124389-8-1-18.wav,124389,204.913986,208.913986,2,6,8,siren
124389-8-1-2.wav,124389,196.913986,200.913986,2,6,8,siren
124389-8-1-3.wav,124389,197.413986,201.413986,2,6,8,siren
124389-8-1-4.wav,124389,197.913986,201.913986,2,6,8,siren
124389-8-1-5.wav,124389,198.413986,202.413986,2,6,8,siren
124389-8-1-6.wav,124389,198.913986,202.913986,2,6,8,siren
124389-8-1-7.wav,124389,199.413986,203.413986,2,6,8,siren
124389-8-1-8.wav,124389,199.913986,203.913986,2,6,8,siren
124389-8-1-9.wav,124389,200.413986,204.413986,2,6,8,siren
133473-8-0-0.wav,133473,0,4,2,8,8,siren
133473-8-0-1.wav,133473,0.5,4.5,2,8,8,siren
133473-8-0-2.wav,133473,1,5,2,8,8,siren
133473-8-0-3.wav,133473,1.5,5.5,2,8,8,siren
133473-8-0-4.wav,133473,2,6,2,8,8,siren
133473-8-0-5.wav,133473,2.5,6.5,2,8,8,siren
135160-8-0-0.wav,135160,123.307227,127.307227,2,6,8,siren
135160-8-0-1.wav,135160,123.807227,127.807227,2,6,8,siren
135160-8-0-10.wav,135160,128.307227,132.307227,2,6,8,siren
135160-8-0-11.wav,135160,128.807227,132.807227,2,6,8,siren
135160-8-0-2.wav,135160,124.307227,128.307227,2,6,8,siren
135160-8-0-3.wav,135160,124.807227,128.807227,2,6,8,siren
135160-8-0-4.wav,135160,125.307227,129.307227,2,6,8,siren
135160-8-0-5.wav,135160,125.807227,129.807227,2,6,8,siren
135160-8-0-6.wav,135160,126.307227,130.307227,2,6,8,siren
135160-8-0-7.wav,135160,126.807227,130.807227,2,6,8,siren
135160-8-0-8.wav,135160,127.307227,131.307227,2,6,8,siren
135160-8-0-9.wav,135160,127.807227,131.807227,2,6,8,siren
148632-8-0-0.wav,148632,129.795722,133.795722,2,8,8,siren
148632-8-0-1.wav,148632,130.295722,134.295722,2,8,8,siren
148632-8-0-10.wav,148632,134.795722,138.795722,2,8,8,siren
148632-8-0-11.wav,148632,135.295722,139.295722,2,8,8,siren
148632-8-0-12.wav,148632,135.795722,139.795722,2,8,8,siren
148632-8-0-13.wav,148632,136.295722,140.295722,2,8,8,siren
148632-8-0-14.wav,148632,136.795722,140.795722,2,8,8,siren
148632-8-0-15.wav,148632,137.295722,141.295722,2,8,8,siren
148632-8-0-16.wav,148632,137.795722,141.795722,2,8,8,siren
148632-8-0-17.wav,148632,138.295722,142.295722,2,8,8,siren
148632-8-0-18.wav,148632,138.795722,142.795722,2,8,8,siren
148632-8-0-2.wav,148632,130.795722,134.795722,2,8,8,siren
148632-8-0-3.wav,148632,131.295722,135.295722,2,8,8,siren
148632-8-0-4.wav,148632,131.795722,135.795722,2,8,8,siren
148632-8-0-5.wav,148632,132.295722,136.295722,2,8,8,siren
148632-8-0-6.wav,148632,132.795722,136.795722,2,8,8,siren
148632-8-0-7.wav,148632,133.295722,137.295722,2,8,8,siren
148632-8-0-8.wav,148632,133.795722,137.795722,2,8,8,siren
148632-8-0-9.wav,148632,134.295722,138.295722,2,8,8,siren
156868-8-0-0.wav,156868,0.29819,1.043666,1,4,8,siren
156868-8-1-0.wav,156868,2.094109,3.022564,1,4,8,siren
156868-8-2-0.wav,156868,3.395302,3.99846,1,4,8,siren
156868-8-3-0.wav,156868,4.994686,5.58429,1,4,8,siren
156868-8-4-0.wav,156868,6.905814,7.502195,1,4,8,siren
156869-8-0-0.wav,156869,4.650289,8.650289,1,5,8,siren
156869-8-0-1.wav,156869,5.150289,9.150289,1,5,8,siren
156869-8-0-10.wav,156869,9.650289,13.650289,1,5,8,siren
156869-8-0-11.wav,156869,10.150289,14.150289,1,5,8,siren
156869-8-0-2.wav,156869,5.650289,9.650289,1,5,8,siren
156869-8-0-3.wav,156869,6.150289,10.150289,1,5,8,siren
156869-8-0-4.wav,156869,6.650289,10.650289,1,5,8,siren
156869-8-0-5.wav,156869,7.150289,11.150289,1,5,8,siren
156869-8-0-6.wav,156869,7.650289,11.650289,1,5,8,siren
156869-8-0-7.wav,156869,8.150289,12.150289,1,5,8,siren
156869-8-0-8.wav,156869,8.650289,12.650289,1,5,8,siren
156869-8-0-9.wav,156869,9.150289,13.150289,1,5,8,siren
157648-8-0-0.wav,157648,18.799126,22.799126,2,5,8,siren
157866-8-0-0.wav,157866,0,4,1,9,8,siren
157866-8-0-1.wav,157866,0.5,4.5,1,9,8,siren
157866-8-0-10.wav,157866,5,9,1,9,8,siren
157866-8-0-11.wav,157866,5.5,9.5,1,9,8,siren
157866-8-0-12.wav,157866,6,10,1,9,8,siren
157866-8-0-13.wav,157866,6.5,10.5,1,9,8,siren
157866-8-0-14.wav,157866,7,11,1,9,8,siren
157866-8-0-15.wav,157866,7.5,11.5,1,9,8,siren
157866-8-0-16.wav,157866,8,12,1,9,8,siren
157866-8-0-17.wav,157866,8.5,12.5,1,9,8,siren
157866-8-0-18.wav,157866,9,13,1,9,8,siren
157866-8-0-19.wav,157866,9.5,13.5,1,9,8,siren
157866-8-0-2.wav,157866,1,5,1,9,8,siren
157866-8-0-20.wav,157866,10,14,1,9,8,siren
157866-8-0-21.wav,157866,10.5,14.5,1,9,8,siren
157866-8-0-22.wav,157866,11,15,1,9,8,siren
157866-8-0-23.wav,157866,11.5,15.5,1,9,8,siren
157866-8-0-24.wav,157866,12,16,1,9,8,siren
157866-8-0-25.wav,157866,12.5,16.5,1,9,8,siren
157866-8-0-26.wav,157866,13,17,1,9,8,siren
157866-8-0-27.wav,157866,13.5,17.5,1,9,8,siren
157866-8-0-3.wav,157866,1.5,5.5,1,9,8,siren
157866-8-0-4.wav,157866,2,6,1,9,8,siren
157866-8-0-5.wav,157866,2.5,6.5,1,9,8,siren
157866-8-0-6.wav,157866,3,7,1,9,8,siren
157866-8-0-7.wav,157866,3.5,7.5,1,9,8,siren
157866-8-0-8.wav,157866,4,8,1,9,8,siren
157866-8-0-9.wav,157866,4.5,8.5,1,9,8,siren
157867-8-0-0.wav,157867,0,4,1,1,8,siren
157867-8-0-1.wav,157867,0.5,4.5,1,1,8,siren
157867-8-0-10.wav,157867,5,9,1,1,8,siren
157867-8-0-11.wav,157867,5.5,9.5,1,1,8,siren
157867-8-0-12.wav,157867,6,10,1,1,8,siren
157867-8-0-13.wav,157867,6.5,10.5,1,1,8,siren
157867-8-0-14.wav,157867,7,11,1,1,8,siren
157867-8-0-15.wav,157867,7.5,11.5,1,1,8,siren
157867-8-0-16.wav,157867,8,12,1,1,8,siren
157867-8-0-17.wav,157867,8.5,12.5,1,1,8,siren
157867-8-0-18.wav,157867,9,13,1,1,8,siren
157867-8-0-19.wav,157867,9.5,13.5,1,1,8,siren
157867-8-0-2.wav,157867,1,5,1,1,8,siren
157867-8-0-20.wav,157867,10,14,1,1,8,siren
157867-8-0-21.wav,157867,10.5,14.5,1,1,8,siren
157867-8-0-22.wav,157867,11,15,1,1,8,siren
157867-8-0-23.wav,157867,11.5,15.5,1,1,8,siren
157867-8-0-24.wav,157867,12,16,1,1,8,siren
157867-8-0-25.wav,157867,12.5,16.5,1,1,8,siren
157867-8-0-26.wav,157867,13,17,1,1,8,siren
157867-8-0-27.wav,157867,13.5,17.5,1,1,8,siren
157867-8-0-28.wav,157867,14,18,1,1,8,siren
157867-8-0-3.wav,157867,1.5,5.5,1,1,8,siren
157867-8-0-4.wav,157867,2,6,1,1,8,siren
157867-8-0-5.wav,157867,2.5,6.5,1,1,8,siren
157867-8-0-6.wav,157867,3,7,1,1,8,siren
157867-8-0-7.wav,157867,3.5,7.5,1,1,8,siren
157867-8-0-8.wav,157867,4,8,1,1,8,siren
157867-8-0-9.wav,157867,4.5,8.5,1,1,8,siren
157868-8-0-0.wav,157868,0,4,1,8,8,siren
157868-8-0-1.wav,157868,0.5,4.5,1,8,8,siren
157868-8-0-10.wav,157868,5,9,1,8,8,siren
157868-8-0-11.wav,157868,5.5,9.5,1,8,8,siren
157868-8-0-12.wav,157868,6,10,1,8,8,siren
157868-8-0-13.wav,157868,6.5,10.5,1,8,8,siren
157868-8-0-14.wav,157868,7,11,1,8,8,siren
157868-8-0-15.wav,157868,7.5,11.5,1,8,8,siren
157868-8-0-16.wav,157868,8,12,1,8,8,siren
157868-8-0-17.wav,157868,8.5,12.5,1,8,8,siren
157868-8-0-18.wav,157868,9,13,1,8,8,siren
157868-8-0-19.wav,157868,9.5,13.5,1,8,8,siren
157868-8-0-2.wav,157868,1,5,1,8,8,siren
157868-8-0-20.wav,157868,10,14,1,8,8,siren
157868-8-0-21.wav,157868,10.5,14.5,1,8,8,siren
157868-8-0-22.wav,157868,11,15,1,8,8,siren
157868-8-0-23.wav,157868,11.5,15.5,1,8,8,siren
157868-8-0-24.wav,157868,12,16,1,8,8,siren
157868-8-0-25.wav,157868,12.5,16.5,1,8,8,siren
157868-8-0-26.wav,157868,13,17,1,8,8,siren
157868-8-0-27.wav,157868,13.5,17.5,1,8,8,siren
157868-8-0-3.wav,157868,1.5,5.5,1,8,8,siren
157868-8-0-4.wav,157868,2,6,1,8,8,siren
157868-8-0-5.wav,157868,2.5,6.5,1,8,8,siren
157868-8-0-6.wav,157868,3,7,1,8,8,siren
157868-8-0-7.wav,157868,3.5,7.5,1,8,8,siren
157868-8-0-8.wav,157868,4,8,1,8,8,siren
157868-8-0-9.wav,157868,4.5,8.5,1,8,8,siren
158608-8-0-0.wav,158608,7.309707,11.309707,2,4,8,siren
158608-8-0-1.wav,158608,7.809707,11.809707,2,4,8,siren
158608-8-0-10.wav,158608,12.309707,16.309707,2,4,8,siren
158608-8-0-2.wav,158608,8.309707,12.309707,2,4,8,siren
158608-8-0-3.wav,158608,8.809707,12.809707,2,4,8,siren
158608-8-0-4.wav,158608,9.309707,13.309707,2,4,8,siren
158608-8-0-5.wav,158608,9.809707,13.809707,2,4,8,siren
158608-8-0-6.wav,158608,10.309707,14.309707,2,4,8,siren
158608-8-0-7.wav,158608,10.809707,14.809707,2,4,8,siren
158608-8-0-8.wav,158608,11.309707,15.309707,2,4,8,siren
158608-8-0-9.wav,158608,11.809707,15.809707,2,4,8,siren
159738-8-0-0.wav,159738,0.746987,4.746987,2,1,8,siren
159738-8-0-1.wav,159738,1.246987,5.246987,2,1,8,siren
159738-8-0-10.wav,159738,5.746987,9.746987,2,1,8,siren
159738-8-0-11.wav,159738,6.246987,10.246987,2,1,8,siren
159738-8-0-12.wav,159738,6.746987,10.746987,2,1,8,siren
159738-8-0-13.wav,159738,7.246987,11.246987,2,1,8,siren
159738-8-0-14.wav,159738,7.746987,11.746987,2,1,8,siren
159738-8-0-15.wav,159738,8.246987,12.246987,2,1,8,siren
159738-8-0-16.wav,159738,8.746987,12.746987,2,1,8,siren
159738-8-0-17.wav,159738,9.246987,13.246987,2,1,8,siren
159738-8-0-18.wav,159738,9.746987,13.746987,2,1,8,siren
159738-8-0-19.wav,159738,10.246987,14.246987,2,1,8,siren
159738-8-0-2.wav,159738,1.746987,5.746987,2,1,8,siren
159738-8-0-3.wav,159738,2.246987,6.246987,2,1,8,siren
159738-8-0-4.wav,159738,2.746987,6.746987,2,1,8,siren
159738-8-0-5.wav,159738,3.246987,7.246987,2,1,8,siren
159738-8-0-6.wav,159738,3.746987,7.746987,2,1,8,siren
159738-8-0-7.wav,159738,4.246987,8.246987,2,1,8,siren
159738-8-0-8.wav,159738,4.746987,8.746987,2,1,8,siren
159738-8-0-9.wav,159738,5.246987,9.246987,2,1,8,siren
159742-8-0-0.wav,159742,0.129945,4.129945,2,10,8,siren
159742-8-0-1.wav,159742,0.629945,4.629945,2,10,8,siren
159742-8-0-10.wav,159742,5.129945,9.129945,2,10,8,siren
159742-8-0-11.wav,159742,5.629945,9.629945,2,10,8,siren
159742-8-0-12.wav,159742,6.129945,10.129945,2,10,8,siren
159742-8-0-13.wav,159742,6.629945,10.629945,2,10,8,siren
159742-8-0-14.wav,159742,7.129945,11.129945,2,10,8,siren
159742-8-0-2.wav,159742,1.129945,5.129945,2,10,8,siren
159742-8-0-3.wav,159742,1.629945,5.629945,2,10,8,siren
159742-8-0-4.wav,159742,2.129945,6.129945,2,10,8,siren
159742-8-0-5.wav,159742,2.629945,6.629945,2,10,8,siren
159742-8-0-6.wav,159742,3.129945,7.129945,2,10,8,siren
159742-8-0-7.wav,159742,3.629945,7.629945,2,10,8,siren
159742-8-0-8.wav,159742,4.129945,8.129945,2,10,8,siren
159742-8-0-9.wav,159742,4.629945,8.629945,2,10,8,siren
159743-8-0-0.wav,159743,1.313835,5.313835,1,2,8,siren
159744-8-0-0.wav,159744,0,4,2,9,8,siren
159744-8-0-1.wav,159744,0.5,4.5,2,9,8,siren
159744-8-0-10.wav,159744,5,9,2,9,8,siren
159744-8-0-11.wav,159744,5.5,9.5,2,9,8,siren
159744-8-0-12.wav,159744,6,10,2,9,8,siren
159744-8-0-13.wav,159744,6.5,10.5,2,9,8,siren
159744-8-0-2.wav,159744,1,5,2,9,8,siren
159744-8-0-3.wav,159744,1.5,5.5,2,9,8,siren
159744-8-0-4.wav,159744,2,6,2,9,8,siren
159744-8-0-5.wav,159744,2.5,6.5,2,9,8,siren
159744-8-0-6.wav,159744,3,7,2,9,8,siren
159744-8-0-7.wav,159744,3.5,7.5,2,9,8,siren
159744-8-0-8.wav,159744,4,8,2,9,8,siren
159744-8-0-9.wav,159744,4.5,8.5,2,9,8,siren
159745-8-0-0.wav,159745,0.291412,1.699906,1,9,8,siren
159745-8-1-0.wav,159745,1.699906,5.699906,2,9,8,siren
159745-8-1-1.wav,159745,2.199906,6.199906,2,9,8,siren
159745-8-1-2.wav,159745,2.699906,6.699906,2,9,8,siren
159745-8-1-3.wav,159745,3.199906,7.199906,2,9,8,siren
159745-8-1-4.wav,159745,3.699906,7.699906,2,9,8,siren
159745-8-1-5.wav,159745,4.199906,8.199906,2,9,8,siren
159745-8-1-6.wav,159745,4.699906,8.699906,2,9,8,siren
159745-8-1-7.wav,159745,5.199906,9.199906,2,9,8,siren
159747-8-0-0.wav,159747,2.283772,6.283772,2,2,8,siren
159747-8-0-1.wav,159747,2.783772,6.783772,2,2,8,siren
159747-8-0-10.wav,159747,7.283772,11.283772,2,2,8,siren
159747-8-0-11.wav,159747,7.783772,11.783772,2,2,8,siren
159747-8-0-12.wav,159747,8.283772,12.283772,2,2,8,siren
159747-8-0-13.wav,159747,8.783772,12.783772,2,2,8,siren
159747-8-0-14.wav,159747,9.283772,13.283772,2,2,8,siren
159747-8-0-15.wav,159747,9.783772,13.783772,2,2,8,siren
159747-8-0-16.wav,159747,10.283772,14.283772,2,2,8,siren
159747-8-0-17.wav,159747,10.783772,14.783772,2,2,8,siren
159747-8-0-18.wav,159747,11.283772,15.283772,2,2,8,siren
159747-8-0-19.wav,159747,11.783772,15.783772,2,2,8,siren
159747-8-0-2.wav,159747,3.283772,7.283772,2,2,8,siren
159747-8-0-20.wav,159747,12.283772,16.283772,2,2,8,siren
159747-8-0-21.wav,159747,12.783772,16.783772,2,2,8,siren
159747-8-0-3.wav,159747,3.783772,7.783772,2,2,8,siren
159747-8-0-4.wav,159747,4.283772,8.283772,2,2,8,siren
159747-8-0-5.wav,159747,4.783772,8.783772,2,2,8,siren
159747-8-0-6.wav,159747,5.283772,9.283772,2,2,8,siren
159747-8-0-7.wav,159747,5.783772,9.783772,2,2,8,siren
159747-8-0-8.wav,159747,6.283772,10.283772,2,2,8,siren
159747-8-0-9.wav,159747,6.783772,10.783772,2,2,8,siren
159748-8-0-0.wav,159748,0,4,1,9,8,siren
159748-8-0-1.wav,159748,0.5,4.5,1,9,8,siren
159748-8-0-2.wav,159748,1,5,1,9,8,siren
159748-8-0-3.wav,159748,1.5,5.5,1,9,8,siren
159748-8-0-4.wav,159748,2,6,1,9,8,siren
159748-8-0-5.wav,159748,2.5,6.5,1,9,8,siren
159748-8-0-6.wav,159748,3,7,1,9,8,siren
159748-8-0-7.wav,159748,3.5,7.5,1,9,8,siren
159748-8-0-8.wav,159748,4,8,1,9,8,siren
159748-8-0-9.wav,159748,4.5,8.5,1,9,8,siren
159748-8-1-0.wav,159748,24.303031,25.931375,1,9,8,siren
159748-8-2-0.wav,159748,30.287195,34.287195,1,9,8,siren
159748-8-2-1.wav,159748,30.787195,34.787195,1,9,8,siren
159748-8-2-2.wav,159748,31.287195,35.287195,1,9,8,siren
159748-8-2-3.wav,159748,31.787195,35.787195,1,9,8,siren
159748-8-2-4.wav,159748,32.287195,36.287195,1,9,8,siren
159748-8-2-5.wav,159748,32.787195,36.787195,1,9,8,siren
159748-8-2-6.wav,159748,33.287195,37.287195,1,9,8,siren
159748-8-2-7.wav,159748,33.787195,37.787195,1,9,8,siren
159748-8-2-8.wav,159748,34.287195,38.287195,1,9,8,siren
159750-8-0-0.wav,159750,0.749887,4.749887,1,2,8,siren
159750-8-0-1.wav,159750,1.249887,5.249887,1,2,8,siren
159750-8-0-2.wav,159750,1.749887,5.749887,1,2,8,siren
159750-8-0-3.wav,159750,2.249887,6.249887,1,2,8,siren
159750-8-0-4.wav,159750,2.749887,6.749887,1,2,8,siren
159750-8-0-5.wav,159750,3.249887,7.249887,1,2,8,siren
159750-8-0-6.wav,159750,3.749887,7.749887,1,2,8,siren
159750-8-0-7.wav,159750,4.249887,8.249887,1,2,8,siren
159750-8-0-8.wav,159750,4.749887,8.749887,1,2,8,siren
159751-8-0-0.wav,159751,1.150495,5.150495,2,4,8,siren
159751-8-0-1.wav,159751,1.650495,5.650495,2,4,8,siren
159751-8-0-10.wav,159751,6.150495,10.150495,2,4,8,siren
159751-8-0-11.wav,159751,6.650495,10.650495,2,4,8,siren
159751-8-0-12.wav,159751,7.150495,11.150495,2,4,8,siren
159751-8-0-13.wav,159751,7.650495,11.650495,2,4,8,siren
159751-8-0-14.wav,159751,8.150495,12.150495,2,4,8,siren
159751-8-0-15.wav,159751,8.650495,12.650495,2,4,8,siren
159751-8-0-16.wav,159751,9.150495,13.150495,2,4,8,siren
159751-8-0-17.wav,159751,9.650495,13.650495,2,4,8,siren
159751-8-0-18.wav,159751,10.150495,14.150495,2,4,8,siren
159751-8-0-19.wav,159751,10.650495,14.650495,2,4,8,siren
159751-8-0-2.wav,159751,2.150495,6.150495,2,4,8,siren
159751-8-0-20.wav,159751,11.150495,15.150495,2,4,8,siren
159751-8-0-21.wav,159751,11.650495,15.650495,2,4,8,siren
159751-8-0-3.wav,159751,2.650495,6.650495,2,4,8,siren
159751-8-0-4.wav,159751,3.150495,7.150495,2,4,8,siren
159751-8-0-5.wav,159751,3.650495,7.650495,2,4,8,siren
159751-8-0-6.wav,159751,4.150495,8.150495,2,4,8,siren
159751-8-0-7.wav,159751,4.650495,8.650495,2,4,8,siren
159751-8-0-8.wav,159751,5.150495,9.150495,2,4,8,siren
159751-8-0-9.wav,159751,5.650495,9.650495,2,4,8,siren
159752-8-0-0.wav,159752,0,4,2,4,8,siren
159752-8-0-1.wav,159752,0.5,4.5,2,4,8,siren
159752-8-0-10.wav,159752,5,9,2,4,8,siren
159752-8-0-11.wav,159752,5.5,9.5,2,4,8,siren
159752-8-0-12.wav,159752,6,10,2,4,8,siren
159752-8-0-2.wav,159752,1,5,2,4,8,siren
159752-8-0-3.wav,159752,1.5,5.5,2,4,8,siren
159752-8-0-4.wav,159752,2,6,2,4,8,siren
159752-8-0-5.wav,159752,2.5,6.5,2,4,8,siren
159752-8-0-6.wav,159752,3,7,2,4,8,siren
159752-8-0-7.wav,159752,3.5,7.5,2,4,8,siren
159752-8-0-8.wav,159752,4,8,2,4,8,siren
159752-8-0-9.wav,159752,4.5,8.5,2,4,8,siren
159752-8-1-0.wav,159752,29.505959,30.471468,2,4,8,siren
159752-8-2-0.wav,159752,36.303143,40.303143,2,4,8,siren
159752-8-2-1.wav,159752,36.803143,40.803143,2,4,8,siren
159752-8-2-2.wav,159752,37.303143,41.303143,2,4,8,siren
159752-8-2-3.wav,159752,37.803143,41.803143,2,4,8,siren
159753-8-0-0.wav,159753,0.579589,4.579589,1,4,8,siren
159753-8-0-1.wav,159753,1.079589,5.079589,1,4,8,siren
159753-8-0-2.wav,159753,1.579589,5.579589,1,4,8,siren
159753-8-0-3.wav,159753,2.079589,6.079589,1,4,8,siren
159753-8-0-4.wav,159753,2.579589,6.579589,1,4,8,siren
159753-8-0-5.wav,159753,3.079589,7.079589,1,4,8,siren
159753-8-0-6.wav,159753,3.579589,7.579589,1,4,8,siren
159754-8-0-0.wav,159754,0.265065,1.34189,1,5,8,siren
159754-8-1-0.wav,159754,5.616059,6.311854,1,5,8,siren
159754-8-2-0.wav,159754,9.989627,10.552889,1,5,8,siren
159754-8-3-0.wav,159754,10.900787,13.915898,1,5,8,siren
159754-8-4-0.wav,159754,15.357188,19.357188,1,5,8,siren
159755-8-0-0.wav,159755,2.410271,6.410271,1,9,8,siren
159755-8-0-1.wav,159755,2.910271,6.910271,1,9,8,siren
159755-8-0-2.wav,159755,3.410271,7.410271,1,9,8,siren
159755-8-0-3.wav,159755,3.910271,7.910271,1,9,8,siren
164053-8-0-0.wav,164053,0,4,2,1,8,siren
164053-8-1-0.wav,164053,13.783876,17.783876,2,1,8,siren
164053-8-2-0.wav,164053,21.660377,25.660377,2,1,8,siren
164053-8-2-1.wav,164053,22.160377,26.160377,2,1,8,siren
164053-8-2-2.wav,164053,22.660377,26.660377,2,1,8,siren
164053-8-2-3.wav,164053,23.160377,27.160377,2,1,8,siren
164053-8-3-0.wav,164053,49.276156,53.276156,2,1,8,siren
164782-8-0-0.wav,164782,52.812932,56.812932,2,5,8,siren
164782-8-0-1.wav,164782,53.312932,57.312932,2,5,8,siren
164782-8-0-2.wav,164782,53.812932,57.812932,2,5,8,siren
164782-8-0-3.wav,164782,54.312932,58.312932,2,5,8,siren
164782-8-0-4.wav,164782,54.812932,58.812932,2,5,8,siren
164782-8-0-5.wav,164782,55.312932,59.312932,2,5,8,siren
164782-8-0-6.wav,164782,55.812932,59.812932,2,5,8,siren
164782-8-0-7.wav,164782,56.312932,60.312932,2,5,8,siren
165166-8-0-0.wav,165166,0.833454,4.833454,1,10,8,siren
165166-8-0-1.wav,165166,1.333454,5.333454,1,10,8,siren
165166-8-0-2.wav,165166,1.833454,5.833454,1,10,8,siren
165166-8-0-3.wav,165166,2.333454,6.333454,1,10,8,siren
165166-8-0-4.wav,165166,2.833454,6.833454,1,10,8,siren
165166-8-0-5.wav,165166,3.333454,7.333454,1,10,8,siren
165166-8-0-6.wav,165166,3.833454,7.833454,1,10,8,siren
165166-8-0-7.wav,165166,4.333454,8.333454,1,10,8,siren
165166-8-0-8.wav,165166,4.833454,8.833454,1,10,8,siren
16772-8-0-0.wav,16772,0.154754,2.130091,1,9,8,siren
184623-8-0-0.wav,184623,0.13472,4.13472,1,3,8,siren
184623-8-0-1.wav,184623,0.63472,4.63472,1,3,8,siren
184623-8-0-2.wav,184623,1.13472,5.13472,1,3,8,siren
184623-8-0-3.wav,184623,1.63472,5.63472,1,3,8,siren
184623-8-1-0.wav,184623,12.064884,16.064884,2,3,8,siren
188004-8-0-0.wav,188004,0,4,2,6,8,siren
188004-8-0-1.wav,188004,0.5,4.5,2,6,8,siren
188004-8-0-2.wav,188004,1,5,2,6,8,siren
203913-8-0-0.wav,203913,0,4,1,5,8,siren
203913-8-0-1.wav,203913,0.5,4.5,1,5,8,siren
203913-8-0-10.wav,203913,5,9,1,5,8,siren
203913-8-0-11.wav,203913,5.5,9.5,1,5,8,siren
203913-8-0-12.wav,203913,6,10,1,5,8,siren
203913-8-0-2.wav,203913,1,5,1,5,8,siren
203913-8-0-3.wav,203913,1.5,5.5,1,5,8,siren
203913-8-0-4.wav,203913,2,6,1,5,8,siren
203913-8-0-5.wav,203913,2.5,6.5,1,5,8,siren
203913-8-0-6.wav,203913,3,7,1,5,8,siren
203913-8-0-7.wav,203913,3.5,7.5,1,5,8,siren
203913-8-0-8.wav,203913,4,8,1,5,8,siren
203913-8-0-9.wav,203913,4.5,8.5,1,5,8,siren
203913-8-1-0.wav,203913,42.137646,46.137646,2,5,8,siren
203913-8-1-1.wav,203913,42.637646,46.637646,2,5,8,siren
203913-8-1-2.wav,203913,43.137646,47.137646,2,5,8,siren
203913-8-1-3.wav,203913,43.637646,47.637646,2,5,8,siren
203913-8-1-4.wav,203913,44.137646,48.137646,2,5,8,siren
203913-8-1-5.wav,203913,44.637646,48.637646,2,5,8,siren
208652-8-0-0.wav,208652,0,4,2,10,8,siren
208652-8-2-0.wav,208652,10.163433,11.651236,2,10,8,siren
208652-8-4-0.wav,208652,16.713631,18.356011,2,10,8,siren
208652-8-6-0.wav,208652,20.771275,22.297723,2,10,8,siren
22601-8-0-0.wav,22601,0,4,2,3,8,siren
22601-8-0-1.wav,22601,0.5,4.5,2,3,8,siren
22601-8-0-10.wav,22601,5,9,2,3,8,siren
22601-8-0-11.wav,22601,5.5,9.5,2,3,8,siren
22601-8-0-12.wav,22601,6,10,2,3,8,siren
22601-8-0-13.wav,22601,6.5,10.5,2,3,8,siren
22601-8-0-14.wav,22601,7,11,2,3,8,siren
22601-8-0-15.wav,22601,7.5,11.5,2,3,8,siren
22601-8-0-16.wav,22601,8,12,2,3,8,siren
22601-8-0-17.wav,22601,8.5,12.5,2,3,8,siren
22601-8-0-18.wav,22601,9,13,2,3,8,siren
22601-8-0-19.wav,22601,9.5,13.5,2,3,8,siren
22601-8-0-2.wav,22601,1,5,2,3,8,siren
22601-8-0-20.wav,22601,10,14,2,3,8,siren
22601-8-0-21.wav,22601,10.5,14.5,2,3,8,siren
22601-8-0-22.wav,22601,11,15,2,3,8,siren
22601-8-0-23.wav,22601,11.5,15.5,2,3,8,siren
22601-8-0-24.wav,22601,12,16,2,3,8,siren
22601-8-0-25.wav,22601,12.5,16.5,2,3,8,siren
22601-8-0-26.wav,22601,13,17,2,3,8,siren
22601-8-0-27.wav,22601,13.5,17.5,2,3,8,siren
22601-8-0-28.wav,22601,14,18,2,3,8,siren
22601-8-0-29.wav,22601,14.5,18.5,2,3,8,siren
22601-8-0-3.wav,22601,1.5,5.5,2,3,8,siren
22601-8-0-30.wav,22601,15,19,2,3,8,siren
22601-8-0-31.wav,22601,15.5,19.5,2,3,8,siren
22601-8-0-32.wav,22601,16,20,2,3,8,siren
22601-8-0-33.wav,22601,16.5,20.5,2,3,8,siren
22601-8-0-34.wav,22601,17,21,2,3,8,siren
22601-8-0-35.wav,22601,17.5,21.5,2,3,8,siren
22601-8-0-36.wav,22601,18,22,2,3,8,siren
22601-8-0-37.wav,22601,18.5,22.5,2,3,8,siren
22601-8-0-38.wav,22601,19,23,2,3,8,siren
22601-8-0-39.wav,22601,19.5,23.5,2,3,8,siren
22601-8-0-4.wav,22601,2,6,2,3,8,siren
22601-8-0-40.wav,22601,20,24,2,3,8,siren
22601-8-0-41.wav,22601,20.5,24.5,2,3,8,siren
22601-8-0-42.wav,22601,21,25,2,3,8,siren
22601-8-0-43.wav,22601,21.5,25.5,2,3,8,siren
22601-8-0-44.wav,22601,22,26,2,3,8,siren
22601-8-0-45.wav,22601,22.5,26.5,2,3,8,siren
22601-8-0-46.wav,22601,23,27,2,3,8,siren
22601-8-0-47.wav,22601,23.5,27.5,2,3,8,siren
22601-8-0-48.wav,22601,24,28,2,3,8,siren
22601-8-0-49.wav,22601,24.5,28.5,2,3,8,siren
22601-8-0-5.wav,22601,2.5,6.5,2,3,8,siren
22601-8-0-50.wav,22601,25,29,2,3,8,siren
22601-8-0-51.wav,22601,25.5,29.5,2,3,8,siren
22601-8-0-52.wav,22601,26,30,2,3,8,siren
22601-8-0-53.wav,22601,26.5,30.5,2,3,8,siren
22601-8-0-54.wav,22601,27,31,2,3,8,siren
22601-8-0-6.wav,22601,3,7,2,3,8,siren
22601-8-0-7.wav,22601,3.5,7.5,2,3,8,siren
22601-8-0-8.wav,22601,4,8,2,3,8,siren
22601-8-0-9.wav,22601,4.5,8.5,2,3,8,siren
24347-8-0-0.wav,24347,4.120371,8.120371,2,4,8,siren
24347-8-0-1.wav,24347,4.620371,8.620371,2,4,8,siren
24347-8-0-10.wav,24347,9.120371,13.120371,2,4,8,siren
24347-8-0-11.wav,24347,9.620371,13.620371,2,4,8,siren
24347-8-0-12.wav,24347,10.120371,14.120371,2,4,8,siren
24347-8-0-13.wav,24347,10.620371,14.620371,2,4,8,siren
24347-8-0-14.wav,24347,11.120371,15.120371,2,4,8,siren
24347-8-0-15.wav,24347,11.620371,15.620371,2,4,8,siren
24347-8-0-16.wav,24347,12.120371,16.120371,2,4,8,siren
24347-8-0-17.wav,24347,12.620371,16.620371,2,4,8,siren
24347-8-0-18.wav,24347,13.120371,17.120371,2,4,8,siren
24347-8-0-19.wav,24347,13.620371,17.620371,2,4,8,siren
24347-8-0-2.wav,24347,5.120371,9.120371,2,4,8,siren
24347-8-0-20.wav,24347,14.120371,18.120371,2,4,8,siren
24347-8-0-21.wav,24347,14.620371,18.620371,2,4,8,siren
24347-8-0-22.wav,24347,15.120371,19.120371,2,4,8,siren
24347-8-0-23.wav,24347,15.620371,19.620371,2,4,8,siren
24347-8-0-24.wav,24347,16.120371,20.120371,2,4,8,siren
24347-8-0-25.wav,24347,16.620371,20.620371,2,4,8,siren
24347-8-0-26.wav,24347,17.120371,21.120371,2,4,8,siren
24347-8-0-27.wav,24347,17.620371,21.620371,2,4,8,siren
24347-8-0-28.wav,24347,18.120371,22.120371,2,4,8,siren
24347-8-0-29.wav,24347,18.620371,22.620371,2,4,8,siren
24347-8-0-3.wav,24347,5.620371,9.620371,2,4,8,siren
24347-8-0-30.wav,24347,19.120371,23.120371,2,4,8,siren
24347-8-0-31.wav,24347,19.620371,23.620371,2,4,8,siren
24347-8-0-32.wav,24347,20.120371,24.120371,2,4,8,siren
24347-8-0-33.wav,24347,20.620371,24.620371,2,4,8,siren
24347-8-0-34.wav,24347,21.120371,25.120371,2,4,8,siren
24347-8-0-35.wav,24347,21.620371,25.620371,2,4,8,siren
24347-8-0-36.wav,24347,22.120371,26.120371,2,4,8,siren
24347-8-0-37.wav,24347,22.620371,26.620371,2,4,8,siren
24347-8-0-38.wav,24347,23.120371,27.120371,2,4,8,siren
24347-8-0-39.wav,24347,23.620371,27.620371,2,4,8,siren
24347-8-0-4.wav,24347,6.120371,10.120371,2,4,8,siren
24347-8-0-40.wav,24347,24.120371,28.120371,2,4,8,siren
24347-8-0-41.wav,24347,24.620371,28.620371,2,4,8,siren
24347-8-0-42.wav,24347,25.120371,29.120371,2,4,8,siren
24347-8-0-43.wav,24347,25.620371,29.620371,2,4,8,siren
24347-8-0-44.wav,24347,26.120371,30.120371,2,4,8,siren
24347-8-0-45.wav,24347,26.620371,30.620371,2,4,8,siren
24347-8-0-46.wav,24347,27.120371,31.120371,2,4,8,siren
24347-8-0-47.wav,24347,27.620371,31.620371,2,4,8,siren
24347-8-0-48.wav,24347,28.120371,32.120371,2,4,8,siren
24347-8-0-49.wav,24347,28.620371,32.620371,2,4,8,siren
24347-8-0-5.wav,24347,6.620371,10.620371,2,4,8,siren
24347-8-0-50.wav,24347,29.120371,33.120371,2,4,8,siren
24347-8-0-51.wav,24347,29.620371,33.620371,2,4,8,siren
24347-8-0-52.wav,24347,30.120371,34.120371,2,4,8,siren
24347-8-0-53.wav,24347,30.620371,34.620371,2,4,8,siren
24347-8-0-54.wav,24347,31.120371,35.120371,2,4,8,siren
24347-8-0-55.wav,24347,31.620371,35.620371,2,4,8,siren
24347-8-0-56.wav,24347,32.120371,36.120371,2,4,8,siren
24347-8-0-57.wav,24347,32.620371,36.620371,2,4,8,siren
24347-8-0-58.wav,24347,33.120371,37.120371,2,4,8,siren
24347-8-0-59.wav,24347,33.620371,37.620371,2,4,8,siren
24347-8-0-6.wav,24347,7.120371,11.120371,2,4,8,siren
24347-8-0-60.wav,24347,34.120371,38.120371,2,4,8,siren
24347-8-0-61.wav,24347,34.620371,38.620371,2,4,8,siren
24347-8-0-62.wav,24347,35.120371,39.120371,2,4,8,siren
24347-8-0-63.wav,24347,35.620371,39.620371,2,4,8,siren
24347-8-0-64.wav,24347,36.120371,40.120371,2,4,8,siren
24347-8-0-65.wav,24347,36.620371,40.620371,2,4,8,siren
24347-8-0-66.wav,24347,37.120371,41.120371,2,4,8,siren
24347-8-0-67.wav,24347,37.620371,41.620371,2,4,8,siren
24347-8-0-68.wav,24347,38.120371,42.120371,2,4,8,siren
24347-8-0-69.wav,24347,38.620371,42.620371,2,4,8,siren
24347-8-0-7.wav,24347,7.620371,11.620371,2,4,8,siren
24347-8-0-70.wav,24347,39.120371,43.120371,2,4,8,siren
24347-8-0-71.wav,24347,39.620371,43.620371,2,4,8,siren
24347-8-0-72.wav,24347,40.120371,44.120371,2,4,8,siren
24347-8-0-73.wav,24347,40.620371,44.620371,2,4,8,siren
24347-8-0-74.wav,24347,41.120371,45.120371,2,4,8,siren
24347-8-0-75.wav,24347,41.620371,45.620371,2,4,8,siren
24347-8-0-76.wav,24347,42.120371,46.120371,2,4,8,siren
24347-8-0-77.wav,24347,42.620371,46.620371,2,4,8,siren
24347-8-0-78.wav,24347,43.120371,47.120371,2,4,8,siren
24347-8-0-79.wav,24347,43.620371,47.620371,2,4,8,siren
24347-8-0-8.wav,24347,8.120371,12.120371,2,4,8,siren
24347-8-0-80.wav,24347,44.120371,48.120371,2,4,8,siren
24347-8-0-81.wav,24347,44.620371,48.620371,2,4,8,siren
24347-8-0-82.wav,24347,45.120371,49.120371,2,4,8,siren
24347-8-0-83.wav,24347,45.620371,49.620371,2,4,8,siren
24347-8-0-84.wav,24347,46.120371,50.120371,2,4,8,siren
24347-8-0-85.wav,24347,46.620371,50.620371,2,4,8,siren
24347-8-0-86.wav,24347,47.120371,51.120371,2,4,8,siren
24347-8-0-87.wav,24347,47.620371,51.620371,2,4,8,siren
24347-8-0-88.wav,24347,48.120371,52.120371,2,4,8,siren
24347-8-0-89.wav,24347,48.620371,52.620371,2,4,8,siren
24347-8-0-9.wav,24347,8.620371,12.620371,2,4,8,siren
24347-8-0-90.wav,24347,49.120371,53.120371,2,4,8,siren
24347-8-0-91.wav,24347,49.620371,53.620371,2,4,8,siren
24347-8-0-92.wav,24347,50.120371,54.120371,2,4,8,siren
24347-8-0-93.wav,24347,50.620371,54.620371,2,4,8,siren
24347-8-0-94.wav,24347,51.120371,55.120371,2,4,8,siren
24347-8-0-95.wav,24347,51.620371,55.620371,2,4,8,siren
24347-8-0-96.wav,24347,52.120371,56.120371,2,4,8,siren
24347-8-0-97.wav,24347,52.620371,56.620371,2,4,8,siren
24347-8-0-98.wav,24347,53.120371,57.120371,2,4,8,siren
24347-8-0-99.wav,24347,53.620371,57.620371,2,4,8,siren
26173-8-0-0.wav,26173,0,2.373832,1,10,8,siren
28426-8-0-0.wav,28426,1.227678,4.249656,2,5,8,siren
28426-8-1-0.wav,28426,5.382897,8.390346,2,5,8,siren
28426-8-2-0.wav,28426,10.765795,14.38345,2,5,8,siren
30823-8-0-0.wav,30823,7.167619,11.167619,2,1,8,siren
34952-8-0-0.wav,34952,0,4,2,6,8,siren
34952-8-0-1.wav,34952,0.5,4.5,2,6,8,siren
34952-8-0-2.wav,34952,1,5,2,6,8,siren
34952-8-0-3.wav,34952,1.5,5.5,2,6,8,siren
34952-8-0-4.wav,34952,2,6,2,6,8,siren
34952-8-0-5.wav,34952,2.5,6.5,2,6,8,siren
34952-8-0-6.wav,34952,3,7,2,6,8,siren
34952-8-0-7.wav,34952,3.5,7.5,2,6,8,siren
40717-8-0-0.wav,40717,0.351355,4.351355,2,2,8,siren
40717-8-0-1.wav,40717,0.851355,4.851355,2,2,8,siren
40717-8-0-2.wav,40717,1.351355,5.351355,2,2,8,siren
40717-8-0-3.wav,40717,1.851355,5.851355,2,2,8,siren
40717-8-0-4.wav,40717,2.351355,6.351355,2,2,8,siren
40717-8-0-5.wav,40717,2.851355,6.851355,2,2,8,siren
40717-8-0-6.wav,40717,3.351355,7.351355,2,2,8,siren
40722-8-0-0.wav,40722,0,4,2,1,8,siren
40722-8-0-1.wav,40722,0.5,4.5,2,1,8,siren
40722-8-0-2.wav,40722,1,5,2,1,8,siren
40722-8-0-3.wav,40722,1.5,5.5,2,1,8,siren
40722-8-0-4.wav,40722,2,6,2,1,8,siren
40722-8-0-5.wav,40722,2.5,6.5,2,1,8,siren
40722-8-0-6.wav,40722,3,7,2,1,8,siren
40722-8-0-7.wav,40722,3.5,7.5,2,1,8,siren
40722-8-0-8.wav,40722,4,8,2,1,8,siren
42117-8-0-0.wav,42117,88.660252,92.660252,2,3,8,siren
42117-8-0-1.wav,42117,89.160252,93.160252,2,3,8,siren
42117-8-0-10.wav,42117,93.660252,97.660252,2,3,8,siren
42117-8-0-11.wav,42117,94.160252,98.160252,2,3,8,siren
42117-8-0-12.wav,42117,94.660252,98.660252,2,3,8,siren
42117-8-0-13.wav,42117,95.160252,99.160252,2,3,8,siren
42117-8-0-14.wav,42117,95.660252,99.660252,2,3,8,siren
42117-8-0-2.wav,42117,89.660252,93.660252,2,3,8,siren
42117-8-0-3.wav,42117,90.160252,94.160252,2,3,8,siren
42117-8-0-4.wav,42117,90.660252,94.660252,2,3,8,siren
42117-8-0-5.wav,42117,91.160252,95.160252,2,3,8,siren
42117-8-0-6.wav,42117,91.660252,95.660252,2,3,8,siren
42117-8-0-7.wav,42117,92.160252,96.160252,2,3,8,siren
42117-8-0-8.wav,42117,92.660252,96.660252,2,3,8,siren
42117-8-0-9.wav,42117,93.160252,97.160252,2,3,8,siren
42117-8-1-0.wav,42117,124.611628,128.611628,2,3,8,siren
43805-8-0-0.wav,43805,49.532944,53.532944,1,7,8,siren
43805-8-1-0.wav,43805,64.181737,64.461469,1,7,8,siren
43805-8-2-0.wav,43805,64.723608,64.983987,1,7,8,siren
43805-8-3-0.wav,43805,79.179405,79.537549,2,7,8,siren
43805-8-4-0.wav,43805,80.160407,80.589329,2,7,8,siren
43806-8-0-0.wav,43806,0,4,1,1,8,siren
54898-8-0-0.wav,54898,46.992301,50.992301,2,3,8,siren
54898-8-0-1.wav,54898,47.492301,51.492301,2,3,8,siren
54898-8-0-10.wav,54898,51.992301,55.992301,2,3,8,siren
54898-8-0-2.wav,54898,47.992301,51.992301,2,3,8,siren
54898-8-0-3.wav,54898,48.492301,52.492301,2,3,8,siren
54898-8-0-4.wav,54898,48.992301,52.992301,2,3,8,siren
54898-8-0-5.wav,54898,49.492301,53.492301,2,3,8,siren
54898-8-0-6.wav,54898,49.992301,53.992301,2,3,8,siren
54898-8-0-7.wav,54898,50.492301,54.492301,2,3,8,siren
54898-8-0-8.wav,54898,50.992301,54.992301,2,3,8,siren
54898-8-0-9.wav,54898,51.492301,55.492301,2,3,8,siren
57323-8-0-0.wav,57323,11.964873,15.964873,2,7,8,siren
57323-8-0-1.wav,57323,12.464873,16.464873,2,7,8,siren
57323-8-0-10.wav,57323,16.964873,20.964873,2,7,8,siren
57323-8-0-11.wav,57323,17.464873,21.464873,2,7,8,siren
57323-8-0-2.wav,57323,12.964873,16.964873,2,7,8,siren
57323-8-0-3.wav,57323,13.464873,17.464873,2,7,8,siren
57323-8-0-4.wav,57323,13.964873,17.964873,2,7,8,siren
57323-8-0-5.wav,57323,14.464873,18.464873,2,7,8,siren
57323-8-0-6.wav,57323,14.964873,18.964873,2,7,8,siren
57323-8-0-7.wav,57323,15.464873,19.464873,2,7,8,siren
57323-8-0-8.wav,57323,15.964873,19.964873,2,7,8,siren
57323-8-0-9.wav,57323,16.464873,20.464873,2,7,8,siren
57323-8-2-0.wav,57323,47.816987,49.98469,2,7,8,siren
62878-8-0-0.wav,62878,0,4,1,7,8,siren
62878-8-0-1.wav,62878,0.5,4.5,1,7,8,siren
62878-8-0-2.wav,62878,1,5,1,7,8,siren
66601-8-0-0.wav,66601,71.060543,75.060543,2,9,8,siren
66601-8-0-1.wav,66601,71.560543,75.560543,2,9,8,siren
66601-8-0-2.wav,66601,72.060543,76.060543,2,9,8,siren
66601-8-0-3.wav,66601,72.560543,76.560543,2,9,8,siren
66601-8-0-4.wav,66601,73.060543,77.060543,2,9,8,siren
66601-8-0-5.wav,66601,73.560543,77.560543,2,9,8,siren
66996-8-1-0.wav,66996,26.12152,30.12152,2,2,8,siren
66996-8-3-0.wav,66996,35.6242,39.6242,2,2,8,siren
70740-8-0-0.wav,70740,0.902461,1.879328,2,6,8,siren
71177-8-0-0.wav,71177,4.013035,8.013035,2,8,8,siren
71177-8-0-1.wav,71177,4.513035,8.513035,2,8,8,siren
71177-8-1-0.wav,71177,11.857383,15.857383,1,8,8,siren
71177-8-1-1.wav,71177,12.357383,16.357383,1,8,8,siren
71177-8-1-2.wav,71177,12.857383,16.857383,1,8,8,siren
71177-8-1-3.wav,71177,13.357383,17.357383,1,8,8,siren
71177-8-1-4.wav,71177,13.857383,17.857383,1,8,8,siren
71177-8-2-0.wav,71177,24.471943,28.471943,2,8,8,siren
71177-8-2-1.wav,71177,24.971943,28.971943,2,8,8,siren
74364-8-1-0.wav,74364,139.03796,143.03796,2,10,8,siren
74364-8-1-1.wav,74364,139.53796,143.53796,2,10,8,siren
74364-8-1-10.wav,74364,144.03796,148.03796,2,10,8,siren
74364-8-1-11.wav,74364,144.53796,148.53796,2,10,8,siren
74364-8-1-12.wav,74364,145.03796,149.03796,2,10,8,siren
74364-8-1-13.wav,74364,145.53796,149.53796,2,10,8,siren
74364-8-1-14.wav,74364,146.03796,150.03796,2,10,8,siren
74364-8-1-15.wav,74364,146.53796,150.53796,2,10,8,siren
74364-8-1-16.wav,74364,147.03796,151.03796,2,10,8,siren
74364-8-1-17.wav,74364,147.53796,151.53796,2,10,8,siren
74364-8-1-18.wav,74364,148.03796,152.03796,2,10,8,siren
74364-8-1-19.wav,74364,148.53796,152.53796,2,10,8,siren
74364-8-1-2.wav,74364,140.03796,144.03796,2,10,8,siren
74364-8-1-20.wav,74364,149.03796,153.03796,2,10,8,siren
74364-8-1-21.wav,74364,149.53796,153.53796,2,10,8,siren
74364-8-1-22.wav,74364,150.03796,154.03796,2,10,8,siren
74364-8-1-23.wav,74364,150.53796,154.53796,2,10,8,siren
74364-8-1-24.wav,74364,151.03796,155.03796,2,10,8,siren
74364-8-1-25.wav,74364,151.53796,155.53796,2,10,8,siren
74364-8-1-26.wav,74364,152.03796,156.03796,2,10,8,siren
74364-8-1-27.wav,74364,152.53796,156.53796,2,10,8,siren
74364-8-1-3.wav,74364,140.53796,144.53796,2,10,8,siren
74364-8-1-4.wav,74364,141.03796,145.03796,2,10,8,siren
74364-8-1-5.wav,74364,141.53796,145.53796,2,10,8,siren
74364-8-1-6.wav,74364,142.03796,146.03796,2,10,8,siren
74364-8-1-7.wav,74364,142.53796,146.53796,2,10,8,siren
74364-8-1-8.wav,74364,143.03796,147.03796,2,10,8,siren
74364-8-1-9.wav,74364,143.53796,147.53796,2,10,8,siren
74726-8-0-0.wav,74726,0.523561,4.523561,2,6,8,siren
74726-8-0-1.wav,74726,1.023561,5.023561,2,6,8,siren
74726-8-0-10.wav,74726,5.523561,9.523561,2,6,8,siren
74726-8-0-11.wav,74726,6.023561,10.023561,2,6,8,siren
74726-8-0-12.wav,74726,6.523561,10.523561,2,6,8,siren
74726-8-0-13.wav,74726,7.023561,11.023561,2,6,8,siren
74726-8-0-14.wav,74726,7.523561,11.523561,2,6,8,siren
74726-8-0-15.wav,74726,8.023561,12.023561,2,6,8,siren
74726-8-0-16.wav,74726,8.523561,12.523561,2,6,8,siren
74726-8-0-2.wav,74726,1.523561,5.523561,2,6,8,siren
74726-8-0-3.wav,74726,2.023561,6.023561,2,6,8,siren
74726-8-0-4.wav,74726,2.523561,6.523561,2,6,8,siren
74726-8-0-5.wav,74726,3.023561,7.023561,2,6,8,siren
74726-8-0-6.wav,74726,3.523561,7.523561,2,6,8,siren
74726-8-0-7.wav,74726,4.023561,8.023561,2,6,8,siren
74726-8-0-8.wav,74726,4.523561,8.523561,2,6,8,siren
74726-8-0-9.wav,74726,5.023561,9.023561,2,6,8,siren
74726-8-1-0.wav,74726,37.225166,41.225166,1,6,8,siren
74726-8-1-1.wav,74726,37.725166,41.725166,1,6,8,siren
74726-8-1-2.wav,74726,38.225166,42.225166,1,6,8,siren
74726-8-2-0.wav,74726,46.858683,50.858683,2,6,8,siren
74726-8-2-1.wav,74726,47.358683,51.358683,2,6,8,siren
74726-8-2-2.wav,74726,47.858683,51.858683,2,6,8,siren
74726-8-2-3.wav,74726,48.358683,52.358683,2,6,8,siren
74726-8-2-4.wav,74726,48.858683,52.858683,2,6,8,siren
74726-8-2-5.wav,74726,49.358683,53.358683,2,6,8,siren
75490-8-0-0.wav,75490,0,4,1,6,8,siren
75490-8-0-1.wav,75490,0.5,4.5,1,6,8,siren
75490-8-0-2.wav,75490,1,5,1,6,8,siren
75490-8-1-0.wav,75490,9.204014,13.204014,2,6,8,siren
75490-8-1-1.wav,75490,9.704014,13.704014,2,6,8,siren
88121-8-0-0.wav,88121,0,4,2,10,8,siren
88121-8-0-1.wav,88121,0.5,4.5,2,10,8,siren
88121-8-0-2.wav,88121,1,5,2,10,8,siren
88121-8-0-3.wav,88121,1.5,5.5,2,10,8,siren
88121-8-1-0.wav,88121,10.767184,11.870933,2,10,8,siren
88121-8-2-0.wav,88121,12.411545,14.36,2,10,8,siren
90014-8-0-0.wav,90014,0,4,1,3,8,siren
90014-8-0-1.wav,90014,0.5,4.5,1,3,8,siren
90014-8-0-2.wav,90014,1,5,1,3,8,siren
90014-8-0-3.wav,90014,1.5,5.5,1,3,8,siren
90014-8-0-4.wav,90014,2,6,1,3,8,siren
90014-8-0-5.wav,90014,2.5,6.5,1,3,8,siren
90014-8-0-6.wav,90014,3,7,1,3,8,siren
90846-8-0-0.wav,90846,0.38257,1.702854,2,3,8,siren
91396-8-0-0.wav,91396,121.591247,125.591247,2,2,8,siren
91396-8-0-1.wav,91396,122.091247,126.091247,2,2,8,siren
91396-8-0-2.wav,91396,122.591247,126.591247,2,2,8,siren
91396-8-0-3.wav,91396,123.091247,127.091247,2,2,8,siren
93567-8-0-0.wav,93567,4.044365,8.044365,2,10,8,siren
93567-8-0-1.wav,93567,4.544365,8.544365,2,10,8,siren
93567-8-0-10.wav,93567,9.044365,13.044365,2,10,8,siren
93567-8-0-11.wav,93567,9.544365,13.544365,2,10,8,siren
93567-8-0-12.wav,93567,10.044365,14.044365,2,10,8,siren
93567-8-0-13.wav,93567,10.544365,14.544365,2,10,8,siren
93567-8-0-14.wav,93567,11.044365,15.044365,2,10,8,siren
93567-8-0-15.wav,93567,11.544365,15.544365,2,10,8,siren
93567-8-0-16.wav,93567,12.044365,16.044365,2,10,8,siren
93567-8-0-17.wav,93567,12.544365,16.544365,2,10,8,siren
93567-8-0-18.wav,93567,13.044365,17.044365,2,10,8,siren
93567-8-0-19.wav,93567,13.544365,17.544365,2,10,8,siren
93567-8-0-2.wav,93567,5.044365,9.044365,2,10,8,siren
93567-8-0-3.wav,93567,5.544365,9.544365,2,10,8,siren
93567-8-0-4.wav,93567,6.044365,10.044365,2,10,8,siren
93567-8-0-5.wav,93567,6.544365,10.544365,2,10,8,siren
93567-8-0-6.wav,93567,7.044365,11.044365,2,10,8,siren
93567-8-0-7.wav,93567,7.544365,11.544365,2,10,8,siren
93567-8-0-8.wav,93567,8.044365,12.044365,2,10,8,siren
93567-8-0-9.wav,93567,8.544365,12.544365,2,10,8,siren
94020-8-0-0.wav,94020,72.662085,74.890983,2,4,8,siren
94020-8-1-0.wav,94020,74.890983,78.890983,1,4,8,siren
94636-8-0-0.wav,94636,0,4,2,3,8,siren
94636-8-0-1.wav,94636,0.5,4.5,2,3,8,siren
94636-8-0-10.wav,94636,5,9,2,3,8,siren
94636-8-0-11.wav,94636,5.5,9.5,2,3,8,siren
94636-8-0-12.wav,94636,6,10,2,3,8,siren
94636-8-0-13.wav,94636,6.5,10.5,2,3,8,siren
94636-8-0-14.wav,94636,7,11,2,3,8,siren
94636-8-0-15.wav,94636,7.5,11.5,2,3,8,siren
94636-8-0-16.wav,94636,8,12,2,3,8,siren
94636-8-0-17.wav,94636,8.5,12.5,2,3,8,siren
94636-8-0-18.wav,94636,9,13,2,3,8,siren
94636-8-0-19.wav,94636,9.5,13.5,2,3,8,siren
94636-8-0-2.wav,94636,1,5,2,3,8,siren
94636-8-0-20.wav,94636,10,14,2,3,8,siren
94636-8-0-21.wav,94636,10.5,14.5,2,3,8,siren
94636-8-0-3.wav,94636,1.5,5.5,2,3,8,siren
94636-8-0-4.wav,94636,2,6,2,3,8,siren
94636-8-0-5.wav,94636,2.5,6.5,2,3,8,siren
94636-8-0-6.wav,94636,3,7,2,3,8,siren
94636-8-0-7.wav,94636,3.5,7.5,2,3,8,siren
94636-8-0-8.wav,94636,4,8,2,3,8,siren
94636-8-0-9.wav,94636,4.5,8.5,2,3,8,siren
96657-8-0-0.wav,96657,122.337051,126.337051,2,8,8,siren
96657-8-0-1.wav,96657,122.837051,126.837051,2,8,8,siren
96657-8-0-2.wav,96657,123.337051,127.337051,2,8,8,siren
96657-8-0-3.wav,96657,123.837051,127.837051,2,8,8,siren
98525-8-0-0.wav,98525,0,4,1,7,8,siren
98536-8-0-0.wav,98536,0,1.358367,1,8,8,siren
